{"train_losses": [1.7556623220443726, 1.2843008041381836, 1.0294716358184814, 0.9140345454216003, 0.7630651593208313, 0.7297263741493225, 0.6402799487113953, 0.619848906993866, 0.5884324908256531, 0.5345374345779419], "val_losses": [1.4321210384368896, 1.2151446342468262, 1.0463672876358032, 0.9287188649177551, 0.8802282214164734, 0.8399083018302917, 0.8279517292976379, 0.776199221611023, 0.78058260679245, 0.75935298204422], "val_accs": [0.4833333194255829, 0.5166666507720947, 0.6499999761581421, 0.7166666388511658, 0.7333333492279053, 0.699999988079071, 0.7166666388511658, 0.7166666388511658, 0.7333333492279053, 0.7166666388511658]}